,Clinical Notes
0,Patient is a 43-year-old with Hypertension. Reports fatigue over the last 2 weeks. Prescribed Ibuprofen 200mg. Recommended lifestyle changes.
1,Patient is a 78-year-oldReports fatigue over the last 3 weeks. He has Atrhritis. Prescribed Metformin 500mg. Recommended further cardiac evaluation.
2,Patient is a 76-year-old with Heart Disease. Reports chest pain over the last 2 weeks. Prescribed Albuterol inhaler. Recommended lifestyle changes.
3,Patient is a 73-year-old with Hypertension. Reports headache over the last 4 weeks. Prescribed Ibuprofen 200mg. Recommended lifestyle changes.
4,Patient is a 54-year-old with Hypertension. Reports fatigue over the last 1 weeks. Prescribed Aspirin 75mg. Recommended physical therapy.
